Workbook

Sheet About
A1: IiFPfOaGLS Increase in Fuel Production from Oil and Gas Lease Sales | B1: Texas | C1: 46262 | G1: Alabama | H1: AL
B2: =INDEX(H:H,MATCH(B1,G:G,0)) -> TX | G2: Alaska | H2: AK
A3: Change in natural gas and crude oil production under the January 2025 Frozen Policies counterfactual, relative to the OBBBA Baseline. Values are NEGATIVE: the frozen-policy world leases less and therefore produces less. Offshore only - onshore leasing is not modelled. Gulf production is allocated to states by BOEM active lease count (TX 427, MS 2, AL 11, LA remainder, of 2206). Includes actual-sale calibration for BBG1, BBG2, BBG3 and BBC1. Built from OilGasLeasing_Calculations_States_406.xlsx; see plan.md and decisions.md in the 'Jan 2025 Frozen Policy Scenario - States' project folder. Revised 2026-08-28: OFFSHORE_POLICY_SCENARIO J38:J64 now apply the BBG1 actual-sale multiplier to future GOA lease sales (2027-2040), reducing the offshore signal to ~55% of the prior values by 2050. | G3: Arizona | H3: AZ
A5: State drop-down: | G5: Arkansas | H5: AR
G6: California | H6: CA
G7: Colorado | H7: CO
G8: Connecticut | H8: CT
G9: Delaware | H9: DE
G10: Florida | H10: FL
G11: Georgia | H11: GA
G12: Hawaii | H12: HI
G13: Idaho | H13: ID
G14: Illinois | H14: IL
G15: Indiana | H15: IN
G16: Iowa | H16: IA
G17: Kansas | H17: KS
... G52: District | H52: DC

Sheet natural gas
B1: State | C1: 2020 | D1: 2021 | E1: 2022 | F1: 2023 | G1: 2024 | H1: 2025 | I1: 2026 | J1: 2027 | K1: 2028 | L1: 2029 | M1: 2030 | N1: 2031 | O1: 2032 | P1: 2033 | Q1: 2034 | R1: 2035 | S1: 2036 | T1: 2037 | U1: 2038 | V1: 2039 | W1: 2040 | X1: 2041 | Y1: 2042 | Z1: 2043 | AA1: 2044 | AB1: 2045 | AC1: 2046 | AD1: 2047 | AE1: 2048 | AF1: 2049 | AG1: 2050
B2: AL | C2: 0 | D2: 0 | E2: 0 | F2: 0 | G2: 0 | H2: 0 | I2: 0 | J2: 0 | K2: -1.6069797e+10 | L2: -2.2394377e+10 | M2: -5.824437e+10 | N2: -9.8058934e+10 | O2: -1.3620487e+11 | P2: -1.8610456e+11 | Q2: -2.1632844e+11 | R2: -2.6409709e+11 | S2: -2.9537475e+11 | T2: -3.4947153e+11 | U2: -3.9528703e+11 | V2: -4.6424846e+11 | W2: -5.1597328e+11 | X2: -5.904684e+11 | Y2: -6.4947179e+11 | Z2: -7.143181e+11 | AA2: -7.4313404e+11 | AB2: -7.8437519e+11 | AC2: -7.9103693e+11 | AD2: -8.0201159e+11 | AE2: -7.9640121e+11 | AF2: -7.9898065e+11 | AG2: -7.7937201e+11
B3: AK | C3: 0 | D3: 0 | E3: 0 | F3: 0 | G3: 0 | H3: 0 | I3: 0 | J3: 0 | K3: 0 | L3: 0 | M3: -7.2499772e+11 | N3: -1.4186011e+12 | O3: -1.5683187e+12 | P3: -2.804355e+12 | Q3: -3.6552932e+12 | R3: -4.2747856e+12 | S3: -4.8663862e+12 | T3: -5.5334839e+12 | U3: -5.8803922e+12 | V3: -6.1357341e+12 | W3: -6.5855837e+12 | X3: -7.2459665e+12 | Y3: -7.9835714e+12 | Z3: -8.5933743e+12 | AA3: -9.1581783e+12 | AB3: -9.662377e+12 | AC3: -9.9903597e+12 | AD3: -9.9221493e+12 | AE3: -1.0017136e+13 | AF3: -9.8925836e+12 | AG3: -9.4039035e+12
B4: AZ | C4: 0 | D4: 0 | E4: 0 | F4: 0 | G4: 0 | H4: 0 | I4: 0 | J4: 0 | K4: 0 | L4: 0 | M4: 0 | N4: 0 | O4: 0 | P4: 0 | Q4: 0 | R4: 0 | S4: 0 | T4: 0 | U4: 0 | V4: 0 | W4: 0 | X4: 0 | Y4: 0 | Z4: 0 | AA4: 0 | AB4: 0 | AC4: 0 | AD4: 0 | AE4: 0 | AF4: 0 | AG4: 0
B5: AR | C5: 0 | D5: 0 | E5: 0 | F5: 0 | G5: 0 | H5: 0 | I5: 0 | J5: 0 | K5: 0 | L5: 0 | M5: 0 | N5: 0 | O5: 0 | P5: 0 | Q5: 0 | R5: 0 | S5: 0 | T5: 0 | U5: 0 | V5: 0 | W5: 0 | X5: 0 | Y5: 0 | Z5: 0 | AA5: 0 | AB5: 0 | AC5: 0 | AD5: 0 | AE5: 0 | AF5: 0 | AG5: 0
B6: CA | C6: 0 | D6: 0 | E6: 0 | F6: 0 | G6: 0 | H6: 0 | I6: 0 | J6: 0 | K6: 0 | L6: 0 | M6: 0 | N6: 0 | O6: 0 | P6: 0 | Q6: 0 | R6: 0 | S6: 0 | T6: 0 | U6: 0 | V6: 0 | W6: 0 | X6: 0 | Y6: 0 | Z6: 0 | AA6: 0 | AB6: 0 | AC6: 0 | AD6: 0 | AE6: 0 | AF6: 0 | AG6: 0
B7: CO | C7: 0 | D7: 0 | E7: 0 | F7: 0 | G7: 0 | H7: 0 | I7: 0 | J7: 0 | K7: 0 | L7: 0 | M7: 0 | N7: 0 | O7: 0 | P7: 0 | Q7: 0 | R7: 0 | S7: 0 | T7: 0 | U7: 0 | V7: 0 | W7: 0 | X7: 0 | Y7: 0 | Z7: 0 | AA7: 0 | AB7: 0 | AC7: 0 | AD7: 0 | AE7: 0 | AF7: 0 | AG7: 0
B8: CT | C8: 0 | D8: 0 | E8: 0 | F8: 0 | G8: 0 | H8: 0 | I8: 0 | J8: 0 | K8: 0 | L8: 0 | M8: 0 | N8: 0 | O8: 0 | P8: 0 | Q8: 0 | R8: 0 | S8: 0 | T8: 0 | U8: 0 | V8: 0 | W8: 0 | X8: 0 | Y8: 0 | Z8: 0 | AA8: 0 | AB8: 0 | AC8: 0 | AD8: 0 | AE8: 0 | AF8: 0 | AG8: 0
B9: DE | C9: 0 | D9: 0 | E9: 0 | F9: 0 | G9: 0 | H9: 0 | I9: 0 | J9: 0 | K9: 0 | L9: 0 | M9: 0 | N9: 0 | O9: 0 | P9: 0 | Q9: 0 | R9: 0 | S9: 0 | T9: 0 | U9: 0 | V9: 0 | W9: 0 | X9: 0 | Y9: 0 | Z9: 0 | AA9: 0 | AB9: 0 | AC9: 0 | AD9: 0 | AE9: 0 | AF9: 0 | AG9: 0
B10: FL | C10: 0 | D10: 0 | E10: 0 | F10: 0 | G10: 0 | H10: 0 | I10: 0 | J10: 0 | K10: 0 | L10: 0 | M10: 0 | N10: 0 | O10: 0 | P10: 0 | Q10: 0 | R10: 0 | S10: 0 | T10: 0 | U10: 0 | V10: 0 | W10: 0 | X10: 0 | Y10: 0 | Z10: 0 | AA10: 0 | AB10: 0 | AC10: 0 | AD10: 0 | AE10: 0 | AF10: 0 | AG10: 0
B11: GA | C11: 0 | D11: 0 | E11: 0 | F11: 0 | G11: 0 | H11: 0 | I11: 0 | J11: 0 | K11: 0 | L11: 0 | M11: 0 | N11: 0 | O11: 0 | P11: 0 | Q11: 0 | R11: 0 | S11: 0 | T11: 0 | U11: 0 | V11: 0 | W11: 0 | X11: 0 | Y11: 0 | Z11: 0 | AA11: 0 | AB11: 0 | AC11: 0 | AD11: 0 | AE11: 0 | AF11: 0 | AG11: 0
B12: HI | C12: 0 | D12: 0 | E12: 0 | F12: 0 | G12: 0 | H12: 0 | I12: 0 | J12: 0 | K12: 0 | L12: 0 | M12: 0 | N12: 0 | O12: 0 | P12: 0 | Q12: 0 | R12: 0 | S12: 0 | T12: 0 | U12: 0 | V12: 0 | W12: 0 | X12: 0 | Y12: 0 | Z12: 0 | AA12: 0 | AB12: 0 | AC12: 0 | AD12: 0 | AE12: 0 | AF12: 0 | AG12: 0
... B51: WY | C51: 0 | D51: 0 | E51: 0 | F51: 0 | G51: 0 | H51: 0 | I51: 0 | J51: 0 | K51: 0 | L51: 0 | M51: 0 | N51: 0 | O51: 0 | P51: 0 | Q51: 0 | R51: 0 | S51: 0 | T51: 0 | U51: 0 | V51: 0 | W51: 0 | X51: 0 | Y51: 0 | Z51: 0 | AA51: 0 | AB51: 0 | AC51: 0 | AD51: 0 | AE51: 0 | AF51: 0 | AG51: 0

Sheet crude oil
B1: State | C1: 2020 | D1: 2021 | E1: 2022 | F1: 2023 | G1: 2024 | H1: 2025 | I1: 2026 | J1: 2027 | K1: 2028 | L1: 2029 | M1: 2030 | N1: 2031 | O1: 2032 | P1: 2033 | Q1: 2034 | R1: 2035 | S1: 2036 | T1: 2037 | U1: 2038 | V1: 2039 | W1: 2040 | X1: 2041 | Y1: 2042 | Z1: 2043 | AA1: 2044 | AB1: 2045 | AC1: 2046 | AD1: 2047 | AE1: 2048 | AF1: 2049 | AG1: 2050
B2: AL | C2: 0 | D2: 0 | E2: 0 | F2: 0 | G2: 0 | H2: 0 | I2: 0 | J2: 0 | K2: -6.8131188e+10 | L2: -9.4945539e+10 | M2: -2.4693891e+11 | N2: -4.1574089e+11 | O2: -5.7746838e+11 | P2: -7.8902831e+11 | Q2: -9.1716864e+11 | R2: -1.1196936e+12 | S2: -1.2523016e+12 | T2: -1.481656e+12 | U2: -1.6759002e+12 | V2: -1.9682763e+12 | W2: -2.1875742e+12 | X2: -2.5034115e+12 | Y2: -2.7535684e+12 | Z2: -3.0284976e+12 | AA2: -3.1506686e+12 | AB2: -3.325519e+12 | AC2: -3.3537628e+12 | AD2: -3.4002921e+12 | AE2: -3.3765057e+12 | AF2: -3.3874418e+12 | AG2: -3.3043069e+12
B3: AK | C3: 0 | D3: 0 | E3: 0 | F3: 0 | G3: 0 | H3: 0 | I3: 0 | J3: 0 | K3: 0 | L3: 0 | M3: -1.0830244e+13 | N3: -2.119151e+13 | O3: -2.3428039e+13 | P3: -4.1892337e+13 | Q3: -5.460392e+13 | R3: -6.3858093e+13 | S3: -7.2695608e+13 | T3: -8.2660925e+13 | U3: -8.784315e+13 | V3: -9.1657527e+13 | W3: -9.8377523e+13 | X3: -1.0824253e+14 | Y3: -1.192611e+14 | Z3: -1.2837053e+14 | AA3: -1.3680775e+14 | AB3: -1.4433963e+14 | AC3: -1.4923914e+14 | AD3: -1.4822019e+14 | AE3: -1.4963914e+14 | AF3: -1.4777853e+14 | AG3: -1.4047847e+14
B4: AZ | C4: 0 | D4: 0 | E4: 0 | F4: 0 | G4: 0 | H4: 0 | I4: 0 | J4: 0 | K4: 0 | L4: 0 | M4: 0 | N4: 0 | O4: 0 | P4: 0 | Q4: 0 | R4: 0 | S4: 0 | T4: 0 | U4: 0 | V4: 0 | W4: 0 | X4: 0 | Y4: 0 | Z4: 0 | AA4: 0 | AB4: 0 | AC4: 0 | AD4: 0 | AE4: 0 | AF4: 0 | AG4: 0
B5: AR | C5: 0 | D5: 0 | E5: 0 | F5: 0 | G5: 0 | H5: 0 | I5: 0 | J5: 0 | K5: 0 | L5: 0 | M5: 0 | N5: 0 | O5: 0 | P5: 0 | Q5: 0 | R5: 0 | S5: 0 | T5: 0 | U5: 0 | V5: 0 | W5: 0 | X5: 0 | Y5: 0 | Z5: 0 | AA5: 0 | AB5: 0 | AC5: 0 | AD5: 0 | AE5: 0 | AF5: 0 | AG5: 0
B6: CA | C6: 0 | D6: 0 | E6: 0 | F6: 0 | G6: 0 | H6: 0 | I6: 0 | J6: 0 | K6: 0 | L6: 0 | M6: 0 | N6: 0 | O6: 0 | P6: 0 | Q6: 0 | R6: 0 | S6: 0 | T6: 0 | U6: 0 | V6: 0 | W6: 0 | X6: 0 | Y6: 0 | Z6: 0 | AA6: 0 | AB6: 0 | AC6: 0 | AD6: 0 | AE6: 0 | AF6: 0 | AG6: 0
B7: CO | C7: 0 | D7: 0 | E7: 0 | F7: 0 | G7: 0 | H7: 0 | I7: 0 | J7: 0 | K7: 0 | L7: 0 | M7: 0 | N7: 0 | O7: 0 | P7: 0 | Q7: 0 | R7: 0 | S7: 0 | T7: 0 | U7: 0 | V7: 0 | W7: 0 | X7: 0 | Y7: 0 | Z7: 0 | AA7: 0 | AB7: 0 | AC7: 0 | AD7: 0 | AE7: 0 | AF7: 0 | AG7: 0
B8: CT | C8: 0 | D8: 0 | E8: 0 | F8: 0 | G8: 0 | H8: 0 | I8: 0 | J8: 0 | K8: 0 | L8: 0 | M8: 0 | N8: 0 | O8: 0 | P8: 0 | Q8: 0 | R8: 0 | S8: 0 | T8: 0 | U8: 0 | V8: 0 | W8: 0 | X8: 0 | Y8: 0 | Z8: 0 | AA8: 0 | AB8: 0 | AC8: 0 | AD8: 0 | AE8: 0 | AF8: 0 | AG8: 0
B9: DE | C9: 0 | D9: 0 | E9: 0 | F9: 0 | G9: 0 | H9: 0 | I9: 0 | J9: 0 | K9: 0 | L9: 0 | M9: 0 | N9: 0 | O9: 0 | P9: 0 | Q9: 0 | R9: 0 | S9: 0 | T9: 0 | U9: 0 | V9: 0 | W9: 0 | X9: 0 | Y9: 0 | Z9: 0 | AA9: 0 | AB9: 0 | AC9: 0 | AD9: 0 | AE9: 0 | AF9: 0 | AG9: 0
B10: FL | C10: 0 | D10: 0 | E10: 0 | F10: 0 | G10: 0 | H10: 0 | I10: 0 | J10: 0 | K10: 0 | L10: 0 | M10: 0 | N10: 0 | O10: 0 | P10: 0 | Q10: 0 | R10: 0 | S10: 0 | T10: 0 | U10: 0 | V10: 0 | W10: 0 | X10: 0 | Y10: 0 | Z10: 0 | AA10: 0 | AB10: 0 | AC10: 0 | AD10: 0 | AE10: 0 | AF10: 0 | AG10: 0
B11: GA | C11: 0 | D11: 0 | E11: 0 | F11: 0 | G11: 0 | H11: 0 | I11: 0 | J11: 0 | K11: 0 | L11: 0 | M11: 0 | N11: 0 | O11: 0 | P11: 0 | Q11: 0 | R11: 0 | S11: 0 | T11: 0 | U11: 0 | V11: 0 | W11: 0 | X11: 0 | Y11: 0 | Z11: 0 | AA11: 0 | AB11: 0 | AC11: 0 | AD11: 0 | AE11: 0 | AF11: 0 | AG11: 0
B12: HI | C12: 0 | D12: 0 | E12: 0 | F12: 0 | G12: 0 | H12: 0 | I12: 0 | J12: 0 | K12: 0 | L12: 0 | M12: 0 | N12: 0 | O12: 0 | P12: 0 | Q12: 0 | R12: 0 | S12: 0 | T12: 0 | U12: 0 | V12: 0 | W12: 0 | X12: 0 | Y12: 0 | Z12: 0 | AA12: 0 | AB12: 0 | AC12: 0 | AD12: 0 | AE12: 0 | AF12: 0 | AG12: 0
... B51: WY | C51: 0 | D51: 0 | E51: 0 | F51: 0 | G51: 0 | H51: 0 | I51: 0 | J51: 0 | K51: 0 | L51: 0 | M51: 0 | N51: 0 | O51: 0 | P51: 0 | Q51: 0 | R51: 0 | S51: 0 | T51: 0 | U51: 0 | V51: 0 | W51: 0 | X51: 0 | Y51: 0 | Z51: 0 | AA51: 0 | AB51: 0 | AC51: 0 | AD51: 0 | AE51: 0 | AF51: 0 | AG51: 0

Sheet IiFPfOaGL
A1: Fuel (BTU) | B1: 2021 | C1: 2022 | D1: 2023 | E1: 2024 | F1: 2025 | G1: 2026 | H1: 2027 | I1: 2028 | J1: 2029 | K1: 2030 | L1: 2031 | M1: 2032 | N1: 2033 | O1: 2034 | P1: 2035 | Q1: 2036 | R1: 2037 | S1: 2038 | T1: 2039 | U1: 2040 | V1: 2041 | W1: 2042 | X1: 2043 | Y1: 2044 | Z1: 2045 | AA1: 2046 | AB1: 2047 | AC1: 2048 | AD1: 2049 | AE1: 2050
A2: electricity (not used in this variable) | B2: 0 | C2: 0 | D2: 0 | E2: 0 | F2: 0 | G2: 0 | H2: 0 | I2: 0 | J2: 0 | K2: 0 | L2: 0 | M2: 0 | N2: 0 | O2: 0 | P2: 0 | Q2: 0 | R2: 0 | S2: 0 | T2: 0 | U2: 0 | V2: 0 | W2: 0 | X2: 0 | Y2: 0 | Z2: 0 | AA2: 0 | AB2: 0 | AC2: 0 | AD2: 0 | AE2: 0
A3: hard coal | B3: 0 | C3: 0 | D3: 0 | E3: 0 | F3: 0 | G3: 0 | H3: 0 | I3: 0 | J3: 0 | K3: 0 | L3: 0 | M3: 0 | N3: 0 | O3: 0 | P3: 0 | Q3: 0 | R3: 0 | S3: 0 | T3: 0 | U3: 0 | V3: 0 | W3: 0 | X3: 0 | Y3: 0 | Z3: 0 | AA3: 0 | AB3: 0 | AC3: 0 | AD3: 0 | AE3: 0
A4: natural gas | B4: =SUMIFS('natural gas'!D:D,'natural gas'!$B:$B,About!$B$2) -> 0 | C4: =SUMIFS('natural gas'!E:E,'natural gas'!$B:$B,About!$B$2) -> 0 | D4: =SUMIFS('natural gas'!F:F,'natural gas'!$B:$B,About!$B$2) -> 0 | E4: =SUMIFS('natural gas'!G:G,'natural gas'!$B:$B,About!$B$2) -> 0 | F4: =SUMIFS('natural gas'!H:H,'natural gas'!$B:$B,About!$B$2) -> 0 | G4: =SUMIFS('natural gas'!I:I,'natural gas'!$B:$B,About!$B$2) -> 0 | H4: =SUMIFS('natural gas'!J:J,'natural gas'!$B:$B,About!$B$2) -> 0 | I4: =SUMIFS('natural gas'!K:K,'natural gas'!$B:$B,About!$B$2) -> -6.2380029e+11 | J4: =SUMIFS('natural gas'!L:L,'natural gas'!$B:$B,About!$B$2) -> -8.69309e+11 | K4: =SUMIFS('natural gas'!M:M,'natural gas'!$B:$B,About!$B$2) -> -2.2609405e+12 | L4: =SUMIFS('natural gas'!N:N,'natural gas'!$B:$B,About!$B$2) -> -3.8064695e+12 | M4: =SUMIFS('natural gas'!O:O,'natural gas'!$B:$B,About!$B$2) -> -5.2872253e+12 | N4: =SUMIFS('natural gas'!P:P,'natural gas'!$B:$B,About!$B$2) -> -7.2242405e+12 | O4: =SUMIFS('natural gas'!Q:Q,'natural gas'!$B:$B,About!$B$2) -> -8.3974767e+12 | P4: =SUMIFS('natural gas'!R:R,'natural gas'!$B:$B,About!$B$2) -> -1.0251769e+13 | Q4: =SUMIFS('natural gas'!S:S,'natural gas'!$B:$B,About!$B$2) -> -1.1465911e+13 | R4: =SUMIFS('natural gas'!T:T,'natural gas'!$B:$B,About!$B$2) -> -1.3565849e+13 | S4: =SUMIFS('natural gas'!U:U,'natural gas'!$B:$B,About!$B$2) -> -1.5344324e+13 | T4: =SUMIFS('natural gas'!V:V,'natural gas'!$B:$B,About!$B$2) -> -1.8021281e+13 | U4: =SUMIFS('natural gas'!W:W,'natural gas'!$B:$B,About!$B$2) -> -2.0029145e+13 | V4: =SUMIFS('natural gas'!X:X,'natural gas'!$B:$B,About!$B$2) -> -2.292091e+13 | W4: =SUMIFS('natural gas'!Y:Y,'natural gas'!$B:$B,About!$B$2) -> -2.5211314e+13 | X4: =SUMIFS('natural gas'!Z:Z,'natural gas'!$B:$B,About!$B$2) -> -2.772853e+13 | Y4: =SUMIFS('natural gas'!AA:AA,'natural gas'!$B:$B,About!$B$2) -> -2.8847112e+13 | Z4: =SUMIFS('natural gas'!AB:AB,'natural gas'!$B:$B,About!$B$2) -> -3.0448019e+13 | AA4: =SUMIFS('natural gas'!AC:AC,'natural gas'!$B:$B,About!$B$2) -> -3.0706615e+13 | AB4: =SUMIFS('natural gas'!AD:AD,'natural gas'!$B:$B,About!$B$2) -> -3.1132632e+13 | AC4: =SUMIFS('natural gas'!AE:AE,'natural gas'!$B:$B,About!$B$2) -> -3.0914847e+13 | AD4: =SUMIFS('natural gas'!AF:AF,'natural gas'!$B:$B,About!$B$2) -> -3.1014976e+13 | AE4: =SUMIFS('natural gas'!AG:AG,'natural gas'!$B:$B,About!$B$2) -> -3.0253804e+13
A5: nuclear | B5: 0 | C5: 0 | D5: 0 | E5: 0 | F5: 0 | G5: 0 | H5: 0 | I5: 0 | J5: 0 | K5: 0 | L5: 0 | M5: 0 | N5: 0 | O5: 0 | P5: 0 | Q5: 0 | R5: 0 | S5: 0 | T5: 0 | U5: 0 | V5: 0 | W5: 0 | X5: 0 | Y5: 0 | Z5: 0 | AA5: 0 | AB5: 0 | AC5: 0 | AD5: 0 | AE5: 0
A6: hydro (is not a fuel) | B6: 0 | C6: 0 | D6: 0 | E6: 0 | F6: 0 | G6: 0 | H6: 0 | I6: 0 | J6: 0 | K6: 0 | L6: 0 | M6: 0 | N6: 0 | O6: 0 | P6: 0 | Q6: 0 | R6: 0 | S6: 0 | T6: 0 | U6: 0 | V6: 0 | W6: 0 | X6: 0 | Y6: 0 | Z6: 0 | AA6: 0 | AB6: 0 | AC6: 0 | AD6: 0 | AE6: 0
A7: wind (is not a fuel) | B7: 0 | C7: 0 | D7: 0 | E7: 0 | F7: 0 | G7: 0 | H7: 0 | I7: 0 | J7: 0 | K7: 0 | L7: 0 | M7: 0 | N7: 0 | O7: 0 | P7: 0 | Q7: 0 | R7: 0 | S7: 0 | T7: 0 | U7: 0 | V7: 0 | W7: 0 | X7: 0 | Y7: 0 | Z7: 0 | AA7: 0 | AB7: 0 | AC7: 0 | AD7: 0 | AE7: 0
A8: solar (is not a fuel) | B8: 0 | C8: 0 | D8: 0 | E8: 0 | F8: 0 | G8: 0 | H8: 0 | I8: 0 | J8: 0 | K8: 0 | L8: 0 | M8: 0 | N8: 0 | O8: 0 | P8: 0 | Q8: 0 | R8: 0 | S8: 0 | T8: 0 | U8: 0 | V8: 0 | W8: 0 | X8: 0 | Y8: 0 | Z8: 0 | AA8: 0 | AB8: 0 | AC8: 0 | AD8: 0 | AE8: 0
A9: biomass | B9: 0 | C9: 0 | D9: 0 | E9: 0 | F9: 0 | G9: 0 | H9: 0 | I9: 0 | J9: 0 | K9: 0 | L9: 0 | M9: 0 | N9: 0 | O9: 0 | P9: 0 | Q9: 0 | R9: 0 | S9: 0 | T9: 0 | U9: 0 | V9: 0 | W9: 0 | X9: 0 | Y9: 0 | Z9: 0 | AA9: 0 | AB9: 0 | AC9: 0 | AD9: 0 | AE9: 0
A10: petroleum gasoline | B10: 0 | C10: 0 | D10: 0 | E10: 0 | F10: 0 | G10: 0 | H10: 0 | I10: 0 | J10: 0 | K10: 0 | L10: 0 | M10: 0 | N10: 0 | O10: 0 | P10: 0 | Q10: 0 | R10: 0 | S10: 0 | T10: 0 | U10: 0 | V10: 0 | W10: 0 | X10: 0 | Y10: 0 | Z10: 0 | AA10: 0 | AB10: 0 | AC10: 0 | AD10: 0 | AE10: 0
A11: petroleum diesel | B11: 0 | C11: 0 | D11: 0 | E11: 0 | F11: 0 | G11: 0 | H11: 0 | I11: 0 | J11: 0 | K11: 0 | L11: 0 | M11: 0 | N11: 0 | O11: 0 | P11: 0 | Q11: 0 | R11: 0 | S11: 0 | T11: 0 | U11: 0 | V11: 0 | W11: 0 | X11: 0 | Y11: 0 | Z11: 0 | AA11: 0 | AB11: 0 | AC11: 0 | AD11: 0 | AE11: 0
A12: biofuel gasoline | B12: 0 | C12: 0 | D12: 0 | E12: 0 | F12: 0 | G12: 0 | H12: 0 | I12: 0 | J12: 0 | K12: 0 | L12: 0 | M12: 0 | N12: 0 | O12: 0 | P12: 0 | Q12: 0 | R12: 0 | S12: 0 | T12: 0 | U12: 0 | V12: 0 | W12: 0 | X12: 0 | Y12: 0 | Z12: 0 | AA12: 0 | AB12: 0 | AC12: 0 | AD12: 0 | AE12: 0
A13: biofuel diesel | B13: 0 | C13: 0 | D13: 0 | E13: 0 | F13: 0 | G13: 0 | H13: 0 | I13: 0 | J13: 0 | K13: 0 | L13: 0 | M13: 0 | N13: 0 | O13: 0 | P13: 0 | Q13: 0 | R13: 0 | S13: 0 | T13: 0 | U13: 0 | V13: 0 | W13: 0 | X13: 0 | Y13: 0 | Z13: 0 | AA13: 0 | AB13: 0 | AC13: 0 | AD13: 0 | AE13: 0
A14: jet fuel or kerosene | B14: 0 | C14: 0 | D14: 0 | E14: 0 | F14: 0 | G14: 0 | H14: 0 | I14: 0 | J14: 0 | K14: 0 | L14: 0 | M14: 0 | N14: 0 | O14: 0 | P14: 0 | Q14: 0 | R14: 0 | S14: 0 | T14: 0 | U14: 0 | V14: 0 | W14: 0 | X14: 0 | Y14: 0 | Z14: 0 | AA14: 0 | AB14: 0 | AC14: 0 | AD14: 0 | AE14: 0
A15: heat (not used in this variable) | B15: 0 | C15: 0 | D15: 0 | E15: 0 | F15: 0 | G15: 0 | H15: 0 | I15: 0 | J15: 0 | K15: 0 | L15: 0 | M15: 0 | N15: 0 | O15: 0 | P15: 0 | Q15: 0 | R15: 0 | S15: 0 | T15: 0 | U15: 0 | V15: 0 | W15: 0 | X15: 0 | Y15: 0 | Z15: 0 | AA15: 0 | AB15: 0 | AC15: 0 | AD15: 0 | AE15: 0
A16: geothermal (is not a fuel) | B16: 0 | C16: 0 | D16: 0 | E16: 0 | F16: 0 | G16: 0 | H16: 0 | I16: 0 | J16: 0 | K16: 0 | L16: 0 | M16: 0 | N16: 0 | O16: 0 | P16: 0 | Q16: 0 | R16: 0 | S16: 0 | T16: 0 | U16: 0 | V16: 0 | W16: 0 | X16: 0 | Y16: 0 | Z16: 0 | AA16: 0 | AB16: 0 | AC16: 0 | AD16: 0 | AE16: 0
A17: lignite | B17: 0 | C17: 0 | D17: 0 | E17: 0 | F17: 0 | G17: 0 | H17: 0 | I17: 0 | J17: 0 | K17: 0 | L17: 0 | M17: 0 | N17: 0 | O17: 0 | P17: 0 | Q17: 0 | R17: 0 | S17: 0 | T17: 0 | U17: 0 | V17: 0 | W17: 0 | X17: 0 | Y17: 0 | Z17: 0 | AA17: 0 | AB17: 0 | AC17: 0 | AD17: 0 | AE17: 0
A18: crude oil | B18: =SUMIFS('crude oil'!D:D,'crude oil'!$B:$B,About!$B$2) -> 0 | C18: =SUMIFS('crude oil'!E:E,'crude oil'!$B:$B,About!$B$2) -> 0 | D18: =SUMIFS('crude oil'!F:F,'crude oil'!$B:$B,About!$B$2) -> 0 | E18: =SUMIFS('crude oil'!G:G,'crude oil'!$B:$B,About!$B$2) -> 0 | F18: =SUMIFS('crude oil'!H:H,'crude oil'!$B:$B,About!$B$2) -> 0 | G18: =SUMIFS('crude oil'!I:I,'crude oil'!$B:$B,About!$B$2) -> 0 | H18: =SUMIFS('crude oil'!J:J,'crude oil'!$B:$B,About!$B$2) -> 0 | I18: =SUMIFS('crude oil'!K:K,'crude oil'!$B:$B,About!$B$2) -> -2.6447288e+12 | J18: =SUMIFS('crude oil'!L:L,'crude oil'!$B:$B,About!$B$2) -> -3.6856132e+12 | K18: =SUMIFS('crude oil'!M:M,'crude oil'!$B:$B,About!$B$2) -> -9.5857195e+12 | L18: =SUMIFS('crude oil'!N:N,'crude oil'!$B:$B,About!$B$2) -> -1.6138306e+13 | M18: =SUMIFS('crude oil'!O:O,'crude oil'!$B:$B,About!$B$2) -> -2.2416273e+13 | N18: =SUMIFS('crude oil'!P:P,'crude oil'!$B:$B,About!$B$2) -> -3.0628644e+13 | O18: =SUMIFS('crude oil'!Q:Q,'crude oil'!$B:$B,About!$B$2) -> -3.5602819e+13 | P18: =SUMIFS('crude oil'!R:R,'crude oil'!$B:$B,About!$B$2) -> -4.3464469e+13 | Q18: =SUMIFS('crude oil'!S:S,'crude oil'!$B:$B,About!$B$2) -> -4.8612072e+13 | R18: =SUMIFS('crude oil'!T:T,'crude oil'!$B:$B,About!$B$2) -> -5.7515191e+13 | S18: =SUMIFS('crude oil'!U:U,'crude oil'!$B:$B,About!$B$2) -> -6.5055398e+13 | T18: =SUMIFS('crude oil'!V:V,'crude oil'!$B:$B,About!$B$2) -> -76404905727199 | U18: =SUMIFS('crude oil'!W:W,'crude oil'!$B:$B,About!$B$2) -> -8.4917653e+13 | V18: =SUMIFS('crude oil'!X:X,'crude oil'!$B:$B,About!$B$2) -> -9.7177881e+13 | W18: =SUMIFS('crude oil'!Y:Y,'crude oil'!$B:$B,About!$B$2) -> -1.0688852e+14 | X18: =SUMIFS('crude oil'!Z:Z,'crude oil'!$B:$B,About!$B$2) -> -1.1756077e+14 | Y18: =SUMIFS('crude oil'!AA:AA,'crude oil'!$B:$B,About!$B$2) -> -1.2230323e+14 | Z18: =SUMIFS('crude oil'!AB:AB,'crude oil'!$B:$B,About!$B$2) -> -1.290906e+14 | AA18: =SUMIFS('crude oil'!AC:AC,'crude oil'!$B:$B,About!$B$2) -> -1.3018697e+14 | AB18: =SUMIFS('crude oil'!AD:AD,'crude oil'!$B:$B,About!$B$2) -> -1.3199316e+14 | AC18: =SUMIFS('crude oil'!AE:AE,'crude oil'!$B:$B,About!$B$2) -> -1.3106981e+14 | AD18: =SUMIFS('crude oil'!AF:AF,'crude oil'!$B:$B,About!$B$2) -> -1.3149433e+14 | AE18: =SUMIFS('crude oil'!AG:AG,'crude oil'!$B:$B,About!$B$2) -> -1.2826719e+14
A19: heavy fuel oil | B19: 0 | C19: 0 | D19: 0 | E19: 0 | F19: 0 | G19: 0 | H19: 0 | I19: 0 | J19: 0 | K19: 0 | L19: 0 | M19: 0 | N19: 0 | O19: 0 | P19: 0 | Q19: 0 | R19: 0 | S19: 0 | T19: 0 | U19: 0 | V19: 0 | W19: 0 | X19: 0 | Y19: 0 | Z19: 0 | AA19: 0 | AB19: 0 | AC19: 0 | AD19: 0 | AE19: 0
A20: LPG propane or butane | B20: 0 | C20: 0 | D20: 0 | E20: 0 | F20: 0 | G20: 0 | H20: 0 | I20: 0 | J20: 0 | K20: 0 | L20: 0 | M20: 0 | N20: 0 | O20: 0 | P20: 0 | Q20: 0 | R20: 0 | S20: 0 | T20: 0 | U20: 0 | V20: 0 | W20: 0 | X20: 0 | Y20: 0 | Z20: 0 | AA20: 0 | AB20: 0 | AC20: 0 | AD20: 0 | AE20: 0
A21: municipal solid waste | B21: 0 | C21: 0 | D21: 0 | E21: 0 | F21: 0 | G21: 0 | H21: 0 | I21: 0 | J21: 0 | K21: 0 | L21: 0 | M21: 0 | N21: 0 | O21: 0 | P21: 0 | Q21: 0 | R21: 0 | S21: 0 | T21: 0 | U21: 0 | V21: 0 | W21: 0 | X21: 0 | Y21: 0 | Z21: 0 | AA21: 0 | AB21: 0 | AC21: 0 | AD21: 0 | AE21: 0
A22: hydrogen | B22: 0 | C22: 0 | D22: 0 | E22: 0 | F22: 0 | G22: 0 | H22: 0 | I22: 0 | J22: 0 | K22: 0 | L22: 0 | M22: 0 | N22: 0 | O22: 0 | P22: 0 | Q22: 0 | R22: 0 | S22: 0 | T22: 0 | U22: 0 | V22: 0 | W22: 0 | X22: 0 | Y22: 0 | Z22: 0 | AA22: 0 | AB22: 0 | AC22: 0 | AD22: 0 | AE22: 0
